prompt,prompt_len,target
David Akers,4,0
Sam Bradford,3,0
Ricky Sobers,4,1
Eddie Rosario,3,0
Whit Merrifield,4,0
John Vander Wal,4,0
Corey Maggette,4,1
Charlie Garner,3,0
Gus Triandos,4,0
Mercury Morris,3,0
Jaxson Hayes,4,1
Phil Smith,3,1
Vince Young,3,0
Jerricho Cotchery,6,0
Jeremy Maclin,4,0
Tony Battie,4,1
Craig Ehlo,4,1
Steve Kerr,3,1
Bob Dandridge,4,1
Michael Kidd-Gilchrist,6,1
Julius Randle,4,1
Tim Wallach,4,0
Larry Drew,3,1
Brandon Crawford,3,0
Bruce Bowen,3,1
Yancey Thigpen,6,0
Miles Bridges,3,1
Darrell Armstrong,4,1
Graham Gano,4,0
Henry Marshall,3,0
Michael Porter Jr.,5,1
Bob Sura,3,1
Charles Jones,3,1
Hot Rod Williams,4,1
Kiki Vandeweghe,5,1
Wesley Person,3,1
Joe Crede,4,0
Kareem Abdul-Jabbar,7,1
Ricky Sobers,4,1
Leonard Fournette,4,0
Don Mattingly,4,0
Brandan Wright,4,1
Andy Dalton,3,0
Melvin Gordon,4,0
Morris Peterson,3,1
Shandon Anderson,5,1
Geoff Blum,3,0
Joe Ingles,3,1
Loy Vaught,4,1
Antonio Daniels,3,1
Dave Cowens,4,1
Gary Trent,3,1
Denis Menke,4,0
Alvin Davis,3,0
Sammy Sosa,3,0
DeMar DeRozan,6,1
Patrick Patterson,3,1
Jodie Meeks,5,1
Brandon Marshall,3,0
Danny Woodhead,4,0
T.J. Warren,6,1
Charles Smith,3,1
Kirk Hinrich,4,1
Mike Wallace,3,0
LaDainian Tomlinson,6,0
J.T. Realmuto,8,0
Yao Ming,3,1
Matt Bryant,3,0
Ray Butler,3,0
Marcus Smart,3,1
Glenallen Hill,4,0
Danny Abramowicz,4,0
Rodney Holman,3,0
B.J. Armstrong,6,1
Haywood Jeffires,5,0
Immanuel Quickley,5,1
Johnny Newman,3,1
Gerald Wallace,3,1
Harold Baines,4,0
Grady Sizemore,4,0
Lance Moore,3,0
Chad Johnson,3,0
Johnny Grubb,4,0
Michael Husted,4,0
Matt Hasselbeck,4,0
Nate Kaeding,4,0
George Lynch,3,1
Travis Henry,3,0
Ed Pinckney,5,1
Rick Dempsey,3,0
Rich Kelley,3,1
Calvin Johnson,3,0
Johnny Bench,3,0
Hanley Ramírez,4,0
Harrison Barnes,3,1
Ronnie Brewer,3,1
Larry Fitzgerald,3,0
Theo Ratliff,4,1
Larry Nance,4,1
Cito Gaston,4,0
Ryan Mathews,3,0
Chucky Atkins,4,1
Qadry Ismail,5,0
Calvin Hill,3,0
Frank Gore,3,0
Mikal Bridges,4,1
Mike Newlin,4,1
Adam Duvall,4,0
Brandon Moss,3,0
Ty Wigginton,5,0
Luke Ridnour,4,1
Edwin Encarnación,5,0
Terrell Brandon,4,1
Corey Brewer,3,1
Lee Maye,4,0
Darrin Nelson,4,0
Jeff Reed,3,0
Terry Steinbach,4,0
Hot Rod Williams,4,1
Phil Hubbard,3,1
Michael Redd,4,1
Danilo Gallinari,5,1
Darnay Scott,4,0
Terrell Brandon,4,1
Adam Dunn,3,0
Steve Stipanovich,4,1
Ottis Anderson,4,0
Steve Buechele,5,0
Jorge Posada,4,0
Otis Birdsong,4,1
Rodney Peete,4,0
Fred Cox,3,0
Dave Casper,3,0
Troy Glaus,4,0
Garrett Temple,3,1
Drew Hill,3,0
Hunter Henry,3,0
Larry Kenon,4,1
Danny Granger,3,1
B.J. Surhoff,7,0
Thurl Bailey,4,1
Anderson Varejão,5,1
Gordon Hayward,3,1
Craig Biggio,4,0
Gary Harris,3,1
Mikki Moore,4,1
Jay Bruce,3,0
Joe Smith,3,1
C.J. Cron,6,0
Terry Cummings,3,1
Norm Siebern,4,0
Stephen Drew,3,0
Gus Williams,3,1
Scott Norwood,3,0
Carl Furillo,5,0
James Wilder,3,0
Curtis Granderson,4,0
Steve Hawes,4,1
Antawn Jamison,5,1
Jerome Williams,3,1
Blake Bortles,4,0
Teoscar Hernández,4,0
Sleepy Floyd,3,1
Andre Reed,3,0
Mark Ingram,3,0
Rick Mahorn,4,1
Chris Kaman,4,1
Larry Sheets,3,0
John Milner,3,0
Kevin McHale,4,1
Anthony Rendon,4,0
Kenny Anderson,3,1
Cecil Fielder,4,0
Stephen Davis,3,0
Ron Harper,3,1
Marcus Smart,3,1
Ken Phelps,3,0
Frank Brickowski,4,1
Carmelo Anthony,4,1
Muggsy Bogues,6,1
Marcus Semien,4,0
Isaiah Crowell,4,0
Detlef Schrempf,5,1
Isaiah Rider,3,1
Andrew Bynum,5,1
C.J. Watson,6,1
Ryan Raburn,4,0
Rick Reichardt,4,0
Don Baylor,3,0
Orlando Hudson,3,0
Dorsey Levens,5,0
Meyers Leonard,4,1
Trent Tucker,3,1
Johnny Dawkins,3,1
Willie Stargell,5,0
Ollie Brown,3,0
Kwame Brown,4,1
Cary Blanchard,3,0
Damion Easley,5,0
Paul Westphal,4,1
Tyreke Evans,5,1
A.C. Green,6,1
Jason Sanders,3,0
Shawn Kemp,3,1
Cecil Cooper,3,0
Hakeem Olajuwon,7,1
Rajon Rondo,4,1
Shawon Dunston,5,0
Michael Pittman,3,0
Rich Gannon,4,0
Dave Twardzik,5,1
LeGarrette Blount,5,0
Rony Seikaly,6,1
Jim Paxson,4,1
Ken Henderson,3,0
Lloyd Moseby,4,0
Isaiah Hartenstein,4,1
Mark West,3,1
Tim Duncan,3,1
Rip Repulski,5,0
Paul Coffman,4,0
Jason Myers,3,0
Gary Trent Jr.,5,1
Yogi Berra,5,0
Jim Kelly,3,0
Steve Mix,3,1
Rex Chapman,3,1
Gorman Thomas,4,0
Reggie Miller,4,1
Mike Tolbert,4,0
Tyrod Taylor,4,0
Tony Clark,3,0
Manny Machado,3,0
Terrell Davis,4,0
Kyle Lowry,3,1
Mercury Morris,3,0
Rich Kelley,3,1
Don Demeter,4,0
Wesley Matthews,3,1
Ruben Patterson,3,1
Byron Scott,3,1
Jerry Smith,3,0
Mohamed Sanu,4,0
Ty Wigginton,5,0
Donny Anderson,4,0
Dan Carpenter,3,0
Jeff Ruland,4,1
Clint Capela,4,1
Gene Oliver,3,0
Terry Kirby,3,0
Moses Malone,3,1
Roger Staubach,4,0
Danny Manning,3,1
Steve Francis,3,1
Paul Blair,3,0
James Worthy,3,1
Jay Vincent,3,1
Aaron Rodgers,3,0
Ryan Howard,3,0
Ryan Doumit,4,0
Kyle Tucker,3,0
Andrew Bogut,4,1
Marshall Faulk,4,0
Eric Gordon,3,1
Derek Anderson,3,1
Fred Taylor,3,0
Patrick Patterson,3,1
David Carr,3,0
Jalen Brunson,5,1
Aaron Williams,3,1
Corey Brewer,3,1
Asdrúbal Cabrera,6,0
JJ Redick,4,1
Delonte West,4,1
Steve Smith,3,1
Bernard King,3,1
Lucas Duda,3,0
Derrick Favors,4,1
Quentin Richardson,3,1
Pascal Siakam,4,1
Seth Curry,3,1
Ian Kinsler,4,0
Tyler Boyd,3,0
Donyell Marshall,5,1
Tony Conigliaro,5,0
Mike Yastrzemski,7,0
Craig Hodges,3,1
Joe Harris,3,1
Ray Durham,3,0
Kelly Olynyk,4,1
Brandon Drury,3,0
Will Clark,3,0
Joe Cribbs,4,0
Tony Allen,3,1
Ted Kluszewski,5,0
Khris Davis,4,0
Michael Pittman,3,0
Klay Thompson,4,1
Kimble Anders,4,0
Bradley Beal,3,1
Fred VanVleet,5,1
David Thompson,3,1
Joel Przybilla,5,1
Rasheed Wallace,4,1
Mike Gminski,5,1
Mark Rypien,5,0
Shaquille O'Neal,6,1
Nenê,3,1
Anthony Morrow,3,1
Haywood Jeffires,5,0
Anthony Peeler,4,1
Mercury Morris,3,0
Bill Freehan,4,0
Bison Dele,4,1
Jim Northrup,4,0
Bob Allison,3,0
Natrone Means,4,0
Errict Rhett,5,0
Lonnie Shelton,4,1
Joe Morgan,3,0
Ben Simmons,3,1
Kevin Durant,3,1
Mark Olberding,5,1
Carl Landry,3,1
Matt Suhey,4,0
Brian Blades,3,0
Trae Young,4,1
Corey Brewer,3,1
Lonnie Smith,4,0
Bobby Portis,4,1
Darren Collison,4,1
Reggie Cobb,4,0
Drew Bennett,3,0
Cliff Robinson,3,1
Jay Vincent,3,1
Stephen Curry,3,1
Mark Moseley,3,0
Kirk Cousins,3,0
Michael Vick,3,0
Ricky Pierce,3,1
Tayshaun Prince,6,1
Carl Everett,3,0
Justin Tucker,3,0
Eric Gordon,3,1
Russell Branyan,4,0
Kosta Koufos,5,1
Bruce Bowen,3,1
Heath Miller,3,0
Nat Moore,3,0
Phil Smith,3,1
Dana Barros,3,1
Emeka Okafor,5,1
Mario Elie,3,1
Dave Corzine,4,1
O.J. Mayo,6,1
George Bell,3,0
Zach Randolph,3,1
Jalen Hurts,4,0
Juwan Howard,4,1
Darren Sproles,4,0
Kirk Gibson,3,0
Bill Walton,3,1
David DeJesus,4,0
Ersan İlyasova,7,1
Roy Smalley,4,0
Hoyle Granger,4,0
Kevin Gamble,3,1
Jim Lemon,3,0
Greg Colbrunn,4,0
Willie Upshaw,4,0
Jason Collins,3,1
Jack Snow,3,0
J.J. Hickson,7,1
Chuck Person,3,1
Jeff Francoeur,4,0
Dwyane Wade,5,1
Aaron McKie,4,1
Kenneth Davis,3,0
Brook Lopez,3,1
Mike Davis,3,0
Jamaal Wilkes,4,1
Royce O'Neale,6,1
Chauncey Billups,6,1
DeSean Jackson,4,0
Draymond Green,5,1
Joe Harris,3,1
Gus Williams,3,1
Nic Claxton,4,1
Ahmad Bradshaw,3,0
Gene Tenace,4,0
Rory Sparrow,3,1
Rod Smith,3,0
Drew Pearson,3,0
Willie Parker,3,0
Zaza Pachulia,6,1
Fred Barnett,3,0
Graham Gano,4,0
Stephen Curry,3,1
Dick Stuart,3,0
Franz Wagner,3,1
Greg Brock,3,0
Jake Elliott,3,0
Ivica Zubac,5,1
Deron Williams,4,1
Benito Santiago,4,0
A.J. Green,6,0
Amari Cooper,4,0
Tiny Archibald,3,1
Dale Long,3,0
Kerry Kittles,4,1
Pete O'Brien,5,0
John Hadl,4,0
Homer Jones,3,0
Torii Hunter,4,0
Josh Childress,4,1
Craig Ehlo,4,1
Darrell Porter,4,0
Jason Hanson,3,0
Chuck Hinton,3,0
George McCloud,4,1
Reggie Lewis,4,1
Priest Holmes,3,0
Tobias Harris,3,1
Mychal Thompson,4,1
Mike Renfro,4,0
John Brodie,3,0
George Johnson,3,1
Alton Lister,4,1
Cris Collinsworth,4,0
Bojan Bogdanović,7,1
Zach LaVine,4,1
Derrick White,3,1
Richaun Holmes,5,1
Cedric Maxwell,4,1
Pedro Guerrero,3,0
Mack Jones,3,0
Russell Wilson,3,0
Aaron Williams,3,1
Grant Hill,3,1
Jorge Cantú,4,0
Harvey Grant,3,1
Brad Davis,3,1
Mitchell Robinson,3,1
Ken Willard,3,0
Brian McRae,3,0
Phil Plantier,4,0
Kurt Warner,3,0
Evan Gattis,4,0
Fran Tarkenton,4,0
Maxi Kleber,4,1
Tom Tresh,4,0
Hal McRae,3,0
Tim Wallach,4,0
Larry Nance Jr.,6,1
Mickey Johnson,3,1
Bam Adebayo,5,1
Kelly Olynyk,4,1
Brad Davis,3,1
Terrence Ross,4,1
Eric Hosmer,4,0
Jalen Brunson,5,1
Allan Houston,3,1
Nikola Jokić,5,1
Torry Holt,4,0
Ronnie Belliard,5,0
Pete Alonso,3,0
Steve Finley,3,0
Clarence Weatherspoon,5,1
Jack Cust,3,0
David Garrard,4,0
Kevin Youkilis,5,0
Danny Abramowicz,4,0
Joe Washington,3,0
Don Majkowski,4,0
Pierre Thomas,3,0
Doug Martin,3,0
Mark Aguirre,3,1
Aaron Judge,3,0
Desmond Mason,4,1
Jason Williams,3,1
Joe Randa,4,0
Pete Stoyanovich,5,0
Greg Landry,3,0
Luke Easter,3,0
Brian Sipe,4,0
Deshaun Watson,5,0
Tevin Coleman,4,0
Miguel Tejada,4,0
Mark Eaton,3,1
Terry Metcalf,3,0
Johnny Johnson,3,0
Clarence Weatherspoon,5,1
Josh McCown,4,0
Nikola Vučević,5,1
Joc Pederson,4,0
Kevin House,3,0
Matt Hasselbeck,4,0
Bobby Bonilla,4,0
Willie Gault,4,0
Stan Lopata,4,0
Henry Ellard,4,0
Marcus Camby,4,1
Bill Melton,3,0
Buster Posey,4,0
Baron Davis,3,1
Dale Ellis,3,1
Tyson Chandler,3,1
David Boston,3,0
Brian Griese,4,0
Michael Turner,3,0
Harold Green,3,0
John Riggins,4,0
Randy Breuer,4,1
John Paxson,4,1
Daunte Culpepper,5,0
Ryan Raburn,4,0
Jeff Blake,3,0
Joe Cribbs,4,0
Isaiah Hartenstein,4,1
Tracy McGrady,4,1
Greg Ostertag,4,1
Phil Plantier,4,0
Ken Caminiti,4,0
Damon Jones,3,1
Larry Hughes,3,1
Dennis Rodman,4,1
Markieff Morris,5,1
Benoit Benjamin,4,1
Carlos Correa,3,0
Kendrick Perkins,4,1
Dansby Swanson,4,0
Terry Glenn,3,0
Jim Everett,3,0
Evan Turner,3,1
Ervin Johnson,4,1
Gilbert Arenas,3,1
Samuel Dalembert,5,1
John Starks,4,1
Brandon Roy,3,1
Andy Dalton,3,0
Gene Banks,3,1
David West,3,1
Doug Williams,3,0
Jim Turner,3,0
Nikola Jokić,5,1
Dez Bryant,3,0
Kevin Youkilis,5,0
Nikola Vučević,5,1
Kevin Mitchell,3,0
Nick Foles,4,0
Larry Drew,3,1
Domantas Sabonis,5,1
Bob Dandridge,4,1
Jesse Barfield,4,0
Jarrett Jack,4,1
T.R. Dunn,6,1
Ervin Johnson,4,1
Dominique Wilkins,3,1
Dave May,3,0
Dirk Nowitzki,5,1
Marion Butts,4,0
Stevie Johnson,3,0
Mehmet Okur,5,1
Kurt Thomas,3,1
Cris Carter,3,0
Craig Ehlo,4,1
Chris Duhon,4,1
Raymond Chester,3,0
Pete Gogolak,4,0
Sam Lacey,3,1
Mark Eaton,3,1
Jim McMahon,3,0
Jim Thome,4,0
Malcolm Brogdon,5,1
Charlie Ward,3,1
Jerick McKinnon,4,0
Jay Vincent,3,1
Dwayne Bowe,4,0
Goran Dragić,5,1
Wilbur Jackson,4,0
Chris Gatling,4,1
Bonzi Wells,4,1
Matt Gay,3,0
Kirk Gibson,3,0
LaSalle Thompson,4,1
Duriel Harris,5,0
Ömer Aşık,5,1
Sean Elliott,3,1
Reggie Cobb,4,0
Mark West,3,1
Tua Tagovailoa,8,0
J.R. Reid,6,1
Tyreke Evans,5,1
Leandro Barbosa,4,1
Bernard King,3,1
Arvydas Sabonis,7,1
Steve Mix,3,1
Jeff Foster,3,1
Toby Harrah,4,0
Lynn Swann,3,0
Tony Romo,3,0
George Bell,3,0
Garrett Temple,3,1
Frank Kaminsky,4,1
Devin Harris,3,1
Jerome Kersey,4,1
Chandler Parsons,3,1
Brad Daugherty,5,1
Larry Smith,3,1
Ricky Williams,3,0
Tony Zendejas,5,0
John Drew,3,1
Vincent Jackson,3,0
Chris Gatling,4,1
Karl-Anthony Towns,5,1
Kurt Rambis,4,1
Brandon Jennings,3,1
Jay Novacek,4,0
Earl Torgeson,5,0
Paul Millsap,4,1
Jason Williams,3,1
Bobby Higginson,5,0
Bobby Bonilla,4,0
Mitchell Robinson,3,1
Truck Robinson,3,1
Armen Gilliam,4,1
Spencer Hawes,4,1
Dwight Howard,3,1
Dejounte Murray,6,1
Dan Majerle,4,1
Brian Taylor,3,1
Sam Cunningham,3,0
Shayne Graham,4,0
Frank Wycheck,4,0
Jamaal Williams,4,0
Mike Newlin,4,1
Michael Barrett,3,0
Gerald Wallace,3,1
Royce Clayton,3,0
Russ Francis,3,0
Chris Mullin,4,1
John Jaha,4,0
Mickey Tettleton,5,0
Bobby Phills,4,1
Marquis Grissom,6,0
Don Money,3,0
Domantas Sabonis,5,1
Adrian Beltré,4,0
Jordan Clarkson,3,1
Jimmy Garoppolo,5,0
Bill Cartwright,3,1
Hakim Warrick,5,1
Nick Van Exel,5,1
Rod Barajas,4,0
Jesse Barfield,4,0
Chip Lohmiller,4,0
Keith Hernandez,3,0
Jeff Cirillo,4,0
David Justice,3,0
David Ortiz,3,0
Seth Curry,3,1
Luke Scott,3,0
Tiago Splitter,4,1
Lee Mazzilli,4,0
Ronnie Brown,3,0
Johnny Newman,3,1
Orlando Woolridge,4,1
Patrick Beverley,3,1
Bogdan Bogdanović,7,1
Chris Webber,3,1
Maurice Lucas,3,1
Marc Gasol,4,1
Ollie Brown,3,0
C.J. Spiller,7,0
Errict Rhett,5,0
Kyler Murray,4,0
DeMarcus Cousins,4,1
Ed Pinckney,5,1
Gary Brown,3,0
Kevin Mitchell,3,0
Giannis Antetokounmpo,7,1
Ron Johnson,3,0
Dario Šarić,5,1
Jeff Green,3,1
Lydell Mitchell,4,0
Alton Lister,4,1
Derrick White,3,1
J.T. Smith,6,0
Justin Morneau,4,0
Trevor Booker,3,1
Jalen Rose,4,1
Hedo Türkoğlu,6,1
Luka Dončić,4,1
George Johnson,3,1
Harvey Grant,3,1
Steve Bono,3,0
Shane Battier,4,1
Jeff Teague,4,1
Delon Wright,4,1
Jimmie Giles,4,0
Jalen Hurts,4,0
Tom Brunansky,4,0
P.J. Brown,6,1
Tom Chambers,3,1
Meyers Leonard,4,1
Robin Lopez,3,1
Kevin Grevey,4,1
Cecil Fielder,4,0
Ricky Watters,4,0
Ian Kinsler,4,0
Priest Holmes,3,0
Ersan İlyasova,7,1
Derrick Alexander,3,0
Dana Barros,3,1
B.J. Armstrong,6,1
Dorell Wright,4,1
Bruce Bowen,3,1
Todd Frazier,3,0
Thomas Jones,3,0
Matt Chapman,3,0
T.J. McConnell,6,1
Rod Barajas,4,0
Ryan McMahon,3,0
Larry Nance Jr.,6,1
José Calderón,3,1
Jason Williams,3,1
Jim Presley,3,0
Shaquille O'Neal,6,1
Josh Howard,3,1
Nick Hundley,4,0
Reggie Bullock,4,1
Bill White,3,0
Todd Hollandsworth,4,0
Keenan McCardell,5,0
Dick McAuliffe,5,0
Mike Thomas,3,0
Micheal Williams,4,1
Bob Sura,3,1
Junior Bridgeman,4,1
Mike Cameron,3,0
J.R. Reid,6,1
Michael Redd,4,1
Onyeka Okongwu,7,1
Miles Bridges,3,1
Al Del Greco,4,0
Lee Maye,4,0
Devon White,3,0
Kyle Orton,3,0
David West,3,1
Latrell Sprewell,6,1
Jeff Ruland,4,1
Mike Conley,3,1
Tim McGee,3,0
Al Oliver,3,0
Gordy Coleman,4,0
Christian Kirk,3,0
Vern Fleming,3,1
Jeff Cirillo,4,0
Fred Barnett,3,0
Reggie Theus,5,1
Ja Morant,4,1
Glenn Robinson,3,1
Chris James,3,0
Gerald Riggs,3,0
Joe Torre,3,0
Clemon Johnson,4,1
Terry Tyler,3,1
Bob Lanier,4,1
Dan Roundfield,4,1
Marvin Webster,3,1
Billy Joe DuPree,6,0
Jim Gentile,3,0
Nikola Jokić,5,1
Rashard Lewis,4,1
Matthew Stafford,3,0
Johnny Moore,3,1
Robert Covington,3,1
Larry Kenon,4,1
Rolf Benirschke,5,0
Ryan McMahon,3,0
Jay Gibbons,3,0
Luke Ridnour,4,1
Eric Williams,3,1
Tyler Boyd,3,0
Kent Benson,3,1
Mike Bantom,4,1
Bo Outlaw,3,1
Johnny Davis,3,1
Willie Upshaw,4,0
Randy Breuer,4,1
Jerome Williams,3,1
Vernon Davis,3,0
Otto Porter Jr.,5,1
Nick Swisher,4,0
Craig Heyward,4,0
Michael Barrett,3,0
Hank Blalock,5,0
Andrew Toney,4,1
OG Anunoby,5,1
Rasho Nesterović,6,1
John Salmons,4,1
P.J. Tucker,6,1
Jarred Vanderbilt,4,1
Gardner Minshew II,5,0
Ken Griffey Jr.,6,0
Kevin Duckworth,3,1
Lee Thomas,3,0
Mike Cameron,3,0
Mike Gminski,5,1
Artis Gilmore,3,1
Royce O'Neale,6,1
Dave Robisch,4,1
Mike Newlin,4,1
Sleepy Floyd,3,1
Jeff Ruland,4,1
Zaza Pachulia,6,1
George McCloud,4,1
Mark DeRosa,4,0
Gary Trent,3,1
Raheem Mostert,5,0
Asdrúbal Cabrera,6,0
Aubrey Huff,4,0
Jeff Foster,3,1
Sammy Watkins,3,0
José Hernández,3,0
Salvador Perez,3,0
Norm Cash,3,0
Baron Davis,3,1
Jim Northrup,4,0
Jesse Barfield,4,0
Bruce Bowen,3,1
Chuck Hayes,3,1
Garret Anderson,4,0
Jon Koncak,4,1
Kirk Cousins,3,0
Billy Knight,3,1
Chris Boucher,3,1
Jorge Soler,3,0
Kenny Thomas,3,1
Paul Westphal,4,1
Don Majkowski,4,0
Todd Christensen,3,0
Bobby Murcer,4,0
Sean Elliott,3,1
Bimbo Coles,4,1
Eric Gordon,3,1
Brook Jacoby,3,0
Danilo Gallinari,5,1
Paul Blair,3,0
Wayne Morris,3,0
DeAndre Hopkins,4,0
Anthony Rizzo,3,0
Brandon Marshall,3,0
Jon Koncak,4,1
José Ramírez,3,0
Devon White,3,0
Wes Covington,3,0
Mike Evans,3,0
Travis Best,3,1
Derrick Jones Jr.,5,1
Charlie Ward,3,1
Michael Finley,3,1
Andre Miller,3,1
Marcus Allen,3,0
Greg Monroe,3,1
Wesley Matthews,3,1
Rod Higgins,3,1
Jay Schroeder,3,0
Hank Bauer,3,0
Jason Terry,3,1
Larry Kinnebrew,5,0
Kareem Abdul-Jabbar,7,1
Randy Bullock,3,0
Christian Yelich,4,0
Terry Kennedy,3,0
Carl Garrett,3,0
Patrick Beverley,3,1
Pat Tilley,4,0
Bobby Thomson,3,0
Nick Castellanos,4,0
Andre Thornton,3,0
Clark Kellogg,3,1
Jamal Crawford,4,1
Eddie Yost,4,0
Brad Fullmer,4,0
David West,3,1
Neil Lomax,4,0
Brad Daugherty,5,1
Anthony Tolliver,4,1
Kelly Oubre Jr.,6,1
Julian Edelman,3,0
Wes Unseld,5,1
Todd Peterson,3,0
Larry Kinnebrew,5,0
Rodney Stuckey,4,1
Ronnie Brewer,3,1
Rashad Jennings,4,0
Jaylen Brown,4,1
David Wright,3,0
Alex Len,3,1
Joey Votto,4,0
Rod Strickland,3,1
Jerick McKinnon,4,0
Troy Glaus,4,0
James Johnson,3,1
Kiki Vandeweghe,5,1
Brian Winters,3,1
Felton Spencer,4,1
Ken Singleton,3,0
Dick Allen,3,0
Isaiah Rider,3,1
Rasheed Wallace,4,1
Nerlens Noel,4,1
Darius Garland,3,1
James Silas,3,1
Jarrett Jack,4,1
Greg Ballard,3,1
Peja Stojaković,6,1
Donn Clendenon,6,0
Chris Boucher,3,1
Steven Adams,3,1
Luka Dončić,4,1
Ricky Sobers,4,1
Kevin Duckworth,3,1
Paul Pressey,4,1
Warren Moon,3,0
Joe Washington,3,0
Bob Gross,3,1
Hedo Türkoğlu,6,1
Chris Hoiles,4,0
Andrei Kirilenko,5,1
Emerson Boozer,4,0
Marvin Williams,3,1
George Rogers,3,0
Donovan Mitchell,3,1
Bobby Thomson,3,0
Reggie Evans,4,1
Rick Fox,3,1
Kelly Olynyk,4,1
Michael Crabtree,4,0
Steve Balboni,4,0
LaDainian Tomlinson,6,0
Dorian Finney-Smith,6,1
Ryan Ludwick,4,0
Bo Jackson,3,0
Jalen Rose,4,1
Chris Kaman,4,1
Mike Trout,3,0
Joe Ingles,3,1
Daniel Carlson,3,0
Daniel Jones,3,0
Andy Dalton,3,0
Mitch Richmond,3,1
Gene Washington,3,0
Jason Campbell,3,0
Mike Miller,3,1
Kemba Walker,4,1
Don McCauley,5,0
Jim Pagliaroni,5,0
Wayman Tisdale,5,1
Mike Conley,3,1
Chuck Person,3,1
Larry Brown,3,0
Steve Stipanovich,4,1
Norm Johnson,3,0
Ersan İlyasova,7,1
Chris Jacke,4,0
Andy Van Slyke,5,0
Bill Melton,3,0
Nenê,3,1
Hersey Hawkins,4,1
Adam Duvall,4,0
Khris Davis,4,0
Wendell Carter Jr.,6,1
Jeffrey Hammonds,4,0
Bret Boone,3,0
Rodney Holman,3,0
Carlos Arroyo,3,1
Brook Lopez,3,1
Mike Miller,3,1
Rajon Rondo,4,1
Johnny Logan,3,0
Stacey Augmon,4,1
O.J. Simpson,6,0
Robert Reid,3,1
Sonny Parker,3,1
Rashad Jennings,4,0
Kenny Britt,3,0
Jamaal Wilkes,4,1
James Loney,4,0
Devin Harris,3,1
Ron Springs,3,0
Michael Cage,3,1
Manu Ginóbili,5,1
Kevan Barlow,4,0
Brad Daugherty,5,1
Tom Gugliotta,5,1
Lester Conner,3,1
DeAngelo Williams,4,0
Jim Paxson,4,1
Joe Cribbs,4,0
J.R. Smith,6,1
Jim Edmonds,3,0
Vance Johnson,4,0
Mike Dunleavy,5,1
Maxi Kleber,4,1
Earl Boykins,4,1
Gordon Hayward,3,1
Mike Tolbert,4,0
Darwin Cook,3,1
Granny Hamner,5,0
Clyde Drexler,4,1
Nikola Jokić,5,1
Gardner Minshew II,5,0
Robin Lopez,3,1
Rajon Rondo,4,1
Jodie Meeks,5,1
Ryan Grant,3,0
Patrick Ewing,3,1
John Riggins,4,0
C.J. Spiller,7,0
Doc Rivers,3,1
Mikki Moore,4,1
Andrés Nocioni,4,1
Chauncey Billups,6,1
Mickey Tettleton,5,0
Eric Decker,3,0
Calvin Johnson,3,0
Joe Danelo,4,0
Alfonso Soriano,3,0
Tommie Agee,5,0
Udonis Haslem,6,1
Rod Smith,3,0
Alvan Adams,4,1
Vin Baker,3,1
Tony Parker,3,1
Derrick Mason,3,0
Brendan Haywood,3,1
Wil Myers,3,0
Danny Manning,3,1
Thabo Sefolosha,7,1
Adrian Murrell,4,0
Tim Thomas,3,1
Aaron Williams,3,1
Jim Hart,3,0
Jim Bakken,4,0
Jack Sikma,4,1
Raymond Felton,3,1
Ron Gant,3,0
Jason Elam,4,0
Marco Belinelli,4,1
Mike Pagliarulo,5,0
Donovan Mitchell,3,1
Fuad Reveiz,5,0
Ricky Rubio,3,1
Hakeem Nicks,6,0
Ben Hawkins,3,0
Eddie Jones,3,1
Ozzie Newsome,5,0
Rodney Peete,4,0
Justin Turner,3,0
Sammy Winder,3,0
Darius Garland,3,1
Billy Sims,3,0
Tommy Pham,3,0
Lonnie Shelton,4,1
Brian Winters,3,1
Tony Zendejas,5,0
Sam Cassell,4,1
Doug McDermott,3,1
Antoine Walker,3,1
Stump Mitchell,4,0
Anthony Parker,3,1
Ivica Zubac,5,1
Artis Gilmore,3,1
Neil Lomax,4,0
Johnny Johnson,3,0
Dave Hampton,3,0
Sid Gordon,3,0
Henry Ellard,4,0
Darrell Armstrong,4,1
Caron Butler,4,1
Ricky Pierce,3,1
Derrick Favors,4,1
Michael Jordan,3,1
Darwin Cook,3,1
Mark Ingram,3,0
Mark Ellis,3,0
Lloyd Moseby,4,0
Kyle Orton,3,0
Andre Drummond,3,1
Rick Reichardt,4,0
Brian Daubach,5,0
Gary Harris,3,1
Buddy Hield,4,1
David Montgomery,3,0
Kevin Huerter,5,1
Jason Williams,3,1
Marcin Gortat,5,1
Rory Sparrow,3,1
Homer Jones,3,0
Todd Peterson,3,0
Vic Wertz,4,0
Immanuel Quickley,5,1
Elvin Hayes,4,1
Mercury Morris,3,0
John Drew,3,1
Henry Ellard,4,0
Sam Cassell,4,1
George Johnson,3,1
Duriel Harris,5,0
Kyle Orton,3,0
Jared Goff,3,0
Kole Calhoun,3,0
Stefon Diggs,5,0
Jake Elliott,3,0
Tony Nathan,3,0
Derrick Jones Jr.,5,1
Danny Granger,3,1
Ryan Anderson,3,1
Bill Schroeder,3,0
Clark Kellogg,3,1
Buster Posey,4,0
Shawn Kemp,3,1
Jim Jackson,3,1
Calvin Johnson,3,0
Rodney Peete,4,0
Malik Rose,3,1
Charles Smith,3,1
Owen Daniels,3,0
Johnny Moore,3,1
Paul Pierce,3,1
Woodie Held,4,0
Todd Peterson,3,0
Larry Hughes,3,1
Lorenzo White,3,0
B.J. Armstrong,6,1
George Brett,3,0
Kyler Murray,4,0
Donovan Mitchell,3,1
Doc Rivers,3,1
Lucious Harris,4,1
Shai Gilgeous-Alexander,8,1
Robert Covington,3,1
Graig Nettles,5,0
Anthony Peeler,4,1
Al Kaline,4,0
Marvin Harrison,3,0
Rod Smith,3,0
Trevor Story,3,0
Jonas Valančiūnas,6,1
Clarence Weatherspoon,5,1
Michael Jordan,3,1
Mike Greenwell,4,0
Lyle Overbay,5,0
Ron Jaworski,4,0
Damon Stoudamire,6,1
Royce Clayton,3,0
Nicolas Batum,4,1
Lee Stevens,3,0
Cliff Branch,3,0
Geoff Jenkins,3,0
Thomas Bryant,3,1
Garrett Temple,3,1
Larry Nance Jr.,6,1
Patty Mills,3,1
Kris Humphries,3,1
Ernie Banks,3,0
Matt Gay,3,0
Rico Brogna,4,0
Josh Donaldson,3,0
Joe Morgan,3,0
Kirk Hinrich,4,1
Davey Johnson,4,0
Mitch Richmond,3,1
B.J. Surhoff,7,0
Jeremy Maclin,4,0
John Brown,3,0
Ezekiel Elliott,4,0
Doug Baldwin,3,0
Terry Metcalf,3,0
Jonathan Schoop,4,0
Donald Driver,3,0
Andrew Wiggins,3,1
Jabar Gaffney,5,0
Rudy Tomjanovich,5,1
Steve Smith,3,1
Steve Nash,3,1
Kevin Huerter,5,1
Aaron Williams,3,1
Bryon Russell,4,1
Reggie Williams,4,1
Michael Cooper,3,1
Elvin Hayes,4,1
Ben Oglivie,5,0
Troy Brown,3,0
Tino Martinez,4,0
Ahmad Rashad,4,0
Allan Bristow,4,1
J.R. Smith,6,1
Danilo Gallinari,5,1
Chris Sabo,3,0
Mike Epstein,3,0
James Silas,3,1
Dirk Nowitzki,5,1
Bryon Russell,4,1
Mark Kotsay,5,0
Juan Soto,3,0
Cody Ross,3,0
Robin Yount,4,0
Malik Rose,3,1
Delon Wright,4,1
Shayne Graham,4,0
Alvin Scott,3,1
Scottie Barnes,4,1
Shaun Livingston,3,1
Kirk Cousins,3,0
John Collins,3,1
LeBron James,4,1
Warrick Dunn,4,0
Jimmy Butler,3,1
Chipper Jones,4,0
Donte DiVincenzo,5,1
Rajon Rondo,4,1
Jayson Tatum,4,1
Drew Stubbs,3,0
Steve Buechele,5,0
Damian Lillard,4,1
Troy Brown,3,0
Leandro Barbosa,4,1
Charlie Ward,3,1
Cody Ross,3,0
Mo Vaughn,3,0
Khris Middleton,4,1
Jason Maxiell,4,1
Doug Christie,3,1
Brandon Clarke,3,1
Tim Thomas,3,1
Kyle Schwarber,4,0
Michael Jackson,3,0
Bobby Jackson,3,1
Bill Schroeder,3,0
Geoff Jenkins,3,0
Brian Taylor,3,1
Khris Middleton,4,1
Dave Cowens,4,1
Phil Nevin,4,0
John Smith,3,0
Michael Cooper,3,1
Robert Covington,3,1
Boog Powell,4,0
Todd Gurley,4,0
Orlando Woolridge,4,1
Bam Morris,3,0
Kevin Martin,3,1
Jim Gentile,3,0
Christian Laettner,5,1
CeeDee Lamb,4,0
Troy Brown,3,0
Mike Pruitt,4,0
Ahmad Rashad,4,0
Delon Wright,4,1
Kris Humphries,3,1
Giannis Antetokounmpo,7,1
LeSean McCoy,4,0
Tim Hardaway,4,1
Detlef Schrempf,5,1
Bob Lanier,4,1
Marco Belinelli,4,1
Ted Williams,3,0
Bo Bichette,4,0
Carl Furillo,5,0
Jose Altuve,5,0
Ted Brown,3,0
Alan Henderson,3,1
David Wright,3,0
Greg Pruitt,4,0
Alfonso Soriano,3,0
Jeff Hostetler,5,0
Brandon Jennings,3,1
Jay Bruce,3,0
Robbie Gould,3,0
Michael Adams,3,1
Mark Duper,4,0
Richard Hidalgo,3,0
Julius Jones,3,0
Tony Battie,4,1
Bryon Russell,4,1
Andrew Bogut,4,1
Rob Bironas,4,0
Brandon Crawford,3,0
C.J. Cron,6,0
Fat Lever,3,1
Jeremy Lin,3,1
Eric Chávez,3,0
Gary Carter,3,0
Steve Hawes,4,1
Lonnie Shelton,4,1
Wesley Person,3,1
Adam LaRoche,4,0
Bill Hall,3,0
T.J. Houshmandzadeh,9,0
Luke Kennard,4,1
Dejounte Murray,6,1
Dave Robisch,4,1
Mark Ingram,3,0
Torrey Craig,4,1
Mason Plumlee,4,1
Derek Anderson,3,1
Jim Presley,3,0
Tim Duncan,3,1
Otis Thorpe,3,1
Luc Mbah a Moute,7,1
Caris LeVert,5,1
Vladimir Guerrero,3,0
Lou Williams,3,1
Stephen Curry,3,1
Byron Scott,3,1
Jim Northrup,4,0
Sid Gordon,3,0
Carmelo Anthony,4,1
Antoine Walker,3,1
Norm Bulaich,5,0
Tom Dempsey,3,0
Wally Szczerbiak,6,1
Jay Johnstone,3,0
Harrison Butker,4,0
Don Buse,4,1
José Guillén,4,0
Trent Green,3,0
Deron Williams,4,1
Carlos Delgado,3,0
Ray Lankford,4,0
Artis Gilmore,3,1
Albert Pujols,4,0
Rasual Butler,4,1
Al Oliver,3,0
Andrew Wiggins,3,1
Scot Pollard,3,1
DeSean Jackson,4,0
David Akers,4,0
Will Barton,3,1
Domantas Sabonis,5,1
Mark Canha,4,0
Adrian Dantley,5,1
Greg Ostertag,4,1
Giovani Bernard,4,0
Bobby Higginson,5,0
Emeka Okafor,5,1
O.J. Simpson,6,0
Bradley Beal,3,1
Leandro Barbosa,4,1
Terry Catledge,4,1
Jeff Ruland,4,1
Sam Mitchell,3,1
Ricky Rubio,3,1
Bryant Stith,4,1
Luke Scott,3,0
Horace Grant,3,1
Dan Uggla,5,0
Gerald Wallace,3,1
Matt Olson,3,0
Wesley Person,3,1
Dennis Johnson,3,1
Jeff George,3,0
Andre Thornton,3,0
Bobby Phills,4,1
Rian Lindell,5,0
Reggie Evans,4,1
Mario Chalmers,3,1
Will Perdue,4,1
Jeff Blake,3,0
Charles Oakley,3,1
Keyshawn Johnson,5,0
Joe Dumars,4,1
Marvin Williams,3,1
Ka'imi Fairbairn,7,0
Larry Nance,4,1
Joseph Addai,4,0
Swen Nater,5,1
Chris Paul,3,1
Byron Leftwich,4,0
Steve McNair,4,0
Terry Pendleton,3,0
Antonio Bryant,3,0
José Ramírez,3,0
Nate Burleson,4,0
Raymond Felton,3,1
Jack Howell,3,0
Michael Crabtree,4,0
Jeff Blauser,4,0
Mike Pruitt,4,0
Calvin Murphy,3,1
Marques Johnson,4,1
Jamaal Wilkes,4,1
Scottie Pippen,5,1
Franklin Stubbs,3,0
Hanley Ramírez,4,0
Kent Hrbek,4,0
Brandon Lloyd,3,0
Muggsy Bogues,6,1
O.J. McDuffie,8,0
Matt Bryant,3,0
Wally Szczerbiak,6,1
Joe Smith,3,1
Chris Chandler,3,0
Charlie Maxwell,3,0
Steve Kerr,3,1
Bob Robertson,3,0
Dan Pasqua,4,0
Jaren Jackson Jr.,6,1
Ronnie Brewer,3,1
Francisco Lindor,4,0
José Guillén,4,0
Greg Bell,3,0
Al Dark,3,0
Rob Deer,3,0
Phil Ford,3,1
Jamaal Magloire,6,1
Joe Randa,4,0
Phil Hubbard,3,1
Doc Rivers,3,1
Steve Bono,3,0
Travis Best,3,1
Scott Spiezio,4,0
Todd Heap,3,0
Sam Perkins,3,1
Steve Francis,3,1
Terry Porter,3,1
Lance Parrish,3,0
Jared Goff,3,0
Kevin Garnett,3,1
Ernie Whitt,4,0
Mike Piazza,3,0
Blake Griffin,3,1
B.J. Upton,6,0
Magic Johnson,3,1
Rian Lindell,5,0
Lyle Overbay,5,0
Chris Boswell,3,0
Tony Phillips,3,0
Kevan Barlow,4,0
Pete Incaviglia,5,0
Mark van Eeghen,5,0
Reggie Williams,4,1
Julius Erving,4,1
Nate Washington,3,0
Pete O'Brien,5,0
Courtney Lee,3,1
Cadillac Williams,4,0
Maurice Cheeks,4,1
Dennis Northcutt,4,0
Steve Johnson,3,1
Joe Burrow,3,0
Jaren Jackson Jr.,6,1
David Garrard,4,0
Cliff Branch,3,0
Andy Seminick,4,0
Kevin Duckworth,3,1
Shannon Stewart,3,0
Johnny Roland,3,0
Kerry Kittles,4,1
Evan Gattis,4,0
C.J. Spiller,7,0
Scott Brooks,3,1
Luke Kennard,4,1
Reggie Miller,4,1
Charlie Garner,3,0
Micheal Williams,4,1
Jackie Smith,3,0
Billy Kilmer,4,0
Tony Dorsett,4,0
Jeff McInnis,4,1
Chad Pennington,3,0
Josh Donaldson,3,0
Trevor Lawrence,3,0
Micheal Williams,4,1
Thurl Bailey,4,1
Deuce McAllister,4,0
Roy Jefferson,3,0
Wally Moon,3,0
Don Buse,4,1
Travis Kelce,4,0
Luke Ridnour,4,1
Will Barton,3,1
Norm Snead,4,0
Ron Harper,3,1
Craig Heyward,4,0
Chad Pennington,3,0
Damon Jones,3,1
Isaiah Thomas,3,1
José Calderón,3,1
Larry Sheets,3,0
Cooper Kupp,4,0
Bob McAdoo,5,1
Flipper Anderson,4,0
Danny Fortson,4,1
Nick Hundley,4,0
Daniel Carlson,3,0
Dāvis Bertāns,7,1
Calvin Johnson,3,0
Julius Randle,4,1
Rod Smith,3,0
Derek Carr,3,0
Bryon Russell,4,1
Kevin Young,3,0
Darwin Cook,3,1
Anthony Rizzo,3,0
Kareem Abdul-Jabbar,7,1
Jordy Nelson,4,0
Bobby Bonilla,4,0
Darrell Griffith,4,1
Scott Brooks,3,1
Walt Williams,3,1
Adrián González,4,0
Tom McMillen,5,1
Jerome Williams,3,1
Steve Hawes,4,1
Charlie Villanueva,3,1
Johnny Logan,3,0
Joe Harris,3,1
Sean Elliott,3,1
Ed Sprague,3,0
Samuel Dalembert,5,1
Rickey Henderson,4,0
Donovan Mitchell,3,1
Enes Freedom,4,1
Andy Van Slyke,5,0
C.J. Spiller,7,0
Derek Bell,3,0
Jonathan Taylor,3,0
Jamison Crowder,5,0
Jamaal Wilkes,4,1
David Wright,3,0
Hakeem Olajuwon,7,1
Vin Baker,3,1
Mike Bibby,4,1
Andrew Bynum,5,1
Dan Majerle,4,1
Jermaine O'Neal,6,1
Josh Freeman,3,0
Brett Gardner,3,0
Case Keenum,4,0
Warren Moon,3,0
Smoky Burgess,4,0
Gus Triandos,4,0
Nate McLouth,4,0
Gene Woodling,4,0
Gerald Henderson,3,1
Paul Goldschmidt,4,0
Roddy White,4,0
Curtis Dickey,3,0
Whit Merrifield,4,0
Robert Smith,3,0
Jason Kidd,3,1
Marshall Faulk,4,0
Drew Stubbs,3,0
Robbie Grossman,3,0
Terance Mann,4,1
Rik Smits,4,1
Stephen Gostkowski,4,0
Rodney Peete,4,0
Shareef Abdur-Rahim,8,1
Dmitri Young,4,0
Manny Ramírez,3,0
Chris Speier,4,0
Greg Ballard,3,1
Will Barton,3,1
C.J. Spiller,7,0
Billy Williams,3,0
Rob Gronkowski,4,0
Brad Wilkerson,4,0
Wesley Walker,3,0
Dean Biasucci,4,0
Ed Bailey,3,0
Jay Novacek,4,0
Baker Mayfield,3,0
Ed Taubensee,4,0
Kirby Puckett,4,0
Chili Davis,3,0
Wesley Matthews,3,1
Terry Cummings,3,1
Brandon McManus,3,0
Royce O'Neale,6,1
Popeye Jones,4,1
Adrian Dantley,5,1
Evan Engram,4,0
Calvin Johnson,3,0
Tyreek Hill,4,0
DeMarcus Cousins,4,1
AJ Pollock,3,0
Alex Len,3,1
Jerome Bettis,4,0
José Calderón,3,1
Xavier Nady,4,0
Butch Hobson,3,0
Brian Taylor,3,1
Dwight Powell,3,1
Bobby Engram,4,0
Vladimir Radmanović,5,1
Richard Todd,3,0
Pat Cummings,3,1
Jerami Grant,4,1
Riley Odoms,4,0
Gene Tenace,4,0
Don Lock,3,0
Torrance Small,4,0
Doug Baldwin,3,0
Ron Harper,3,1
Brent Barry,3,1
Eddy Curry,3,1
Royce O'Neale,6,1
Kevin Durant,3,1
Kevin Huerter,5,1
Connor Barth,3,0
Hunter Renfroe,5,0
Rubén Sierra,4,0
Zydrunas Ilgauskas,8,1
Ken Landreaux,5,0
Tim Duncan,3,1
Willie McCovey,5,0
Reggie Rucker,5,0
Bob Lanier,4,1
Trae Young,4,1
David Lee,3,1
Maurice Lucas,3,1
Keith Jackson,3,0
Jaren Jackson Jr.,6,1
Danny Ferry,3,1
LeGarrette Blount,5,0
Davante Adams,4,0
Devon White,3,0
Bo Outlaw,3,1
Alec Burks,4,1
Tyrese Maxey,5,1
Bobby Murcer,4,0
Josh Richardson,3,1
Jay Gibbons,3,0
Dwyane Wade,5,1
Craig Morton,3,0
Tree Rollins,3,1
Terrell Brandon,4,1
Gerald Wilkins,3,1
Kyle Macy,3,1
Lucious Harris,4,1
Mike Thomas,3,0
Jeff Wilkins,3,0
Sherman Smith,3,0
Jim Turner,3,0
Khris Middleton,4,1
Bob Chandler,3,0
William Andrews,3,0
Cliff Robinson,3,1
Mike Glenn,3,1
Brian Grant,3,1
Carney Lansford,5,0
Mike Stanley,3,0
Jordan Clarkson,3,1
Magic Johnson,3,1
George Hill,3,1
Bryant Stith,4,1
Chris Mullin,4,1
Brent Barry,3,1
Mike Wallace,3,0
Brandan Wright,4,1
Calvin Murphy,3,1
John Starks,4,1
Darryl Dawkins,3,1
Darrell Jackson,4,0
Mark Moseley,3,0
Homer Jones,3,0
Tiny Archibald,3,1
Carlos Lee,3,0
Paul Pierce,3,1
Chris Gatling,4,1
Fred Barnett,3,0
Bill Hanzlik,5,1
Rodney Rogers,3,1
Sal Bando,4,0
Adrian Dantley,5,1
Steve Blake,3,1
Nick Van Exel,5,1
Carney Lansford,5,0
Ken Burrough,4,0
Stephon Marbury,5,1
Carson Palmer,3,0
John Mabry,4,0
Freddie Solomon,3,0
Tommy Davis,3,0
Ed Sprague,3,0
Edgerrin James,6,0
Jeff McInnis,4,1
Malik Rose,3,1
Dana Barros,3,1
Nate Robinson,3,1
Brian Sipe,4,0
Henry Aaron,3,0
Stephen Gostkowski,4,0
Darnay Scott,4,0
Vincent Askew,4,1
Billy Butler,3,0
Toni Fritsch,4,0
Ken Norman,3,1
Ricky Williams,3,0
Charles Barkley,3,1
Jamal Mashburn,5,1
Allen Iverson,4,1
Vince Carter,3,1
Christian Laettner,5,1
Mark Eaton,3,1
Michael Jackson,3,0
Julius Randle,4,1
Darryl Dawkins,3,1
Franz Wagner,3,1
Michael Finley,3,1
Mike Stanley,3,0
Roy Sievers,4,0
Moisés Alou,5,0
Nick Van Exel,5,1
Russell Martin,3,0
Phil Simms,3,0
Kyle Anderson,3,1
Johnny Grubb,4,0
Ken Norman,3,1
Rod Barajas,4,0
Thomas Bryant,3,1
Craig Paquette,4,0
Doc Rivers,3,1
Warrick Dunn,4,0
Ottis Anderson,4,0
Marques Johnson,4,1
Carl Furillo,5,0
J.J. Barea,7,1
Jed Lowrie,4,0
Kendrick Perkins,4,1
Emeka Okafor,5,1
Brendan Haywood,3,1
Dennis Johnson,3,1
Ken Henderson,3,0
John Starks,4,1
Kurt Warner,3,0
Reggie Williams,4,1
Eugenio Suárez,4,0
Harold Carmichael,3,0
Brandon Ingram,3,1
Dorell Wright,4,1
Ricky Williams,3,0
Marcus Robinson,3,0
Dante Cunningham,3,1
Harrison Barnes,3,1
Alan Trammell,4,0
Tommy Harper,3,0
Sam Cassell,4,1
Bob Thomas,3,0
Bogdan Bogdanović,7,1
Tony Dorsett,4,0
Tim McGee,3,0
Jerry Sichting,4,1
Dan Ford,3,0
James Donaldson,3,1
Matt Adams,3,0
Ramon Sessions,3,1
Ron Harper,3,1
John Kruk,4,0
Matthew Stafford,3,0
Roy Smalley,4,0
Tony Hill,3,0
Harold Green,3,0
Christian Yelich,4,0
Mitch Richmond,3,1
Aubrey Huff,4,0
Curtis Granderson,4,0
